NoticiaAtual,LegendaTopoFoto,LegendaCompleta,Hashtags,DataPost
"Lula confirma intenção de candidatura em 2026","Lula Presidente 2026 Confirmado?!","Lula confirma que pode vir candidato em 2026: chance real ou apenas estratégia política? O que você acha desse retorno? Opine agora! 👇","#Eleicoes2026,#Lula,#PoliticaBR","2026-04-08 18:00"
"Governo estuda monitoramento de transações via PIX","PIX vigiado pelo Governo?!","Governo quer monitorar cada centavo do seu PIX: proteção ou invasão de privacidade? Diz aí o que pensa! Opine agora! 👇","#PIX,#Governo,#Economia","2026-04-08 19:00"
"Preço médio do aluguel no RJ sobe 25% em áreas nobres","Aluguel no RJ EXPLODIU?!","Morar no Rio de Janeiro virou artigo de luxo! Aluguel sobe 25% e expulsa moradores. Como está o preço na sua região? Opine agora! 👇","#RioDeJaneiro,#RJ,#Aluguel","2026-04-08 20:00"
"Novas regras para redes sociais entram em pauta no STF","STF vai travar as redes?!","Liberdade de expressão em risco ou fim da bagunça digital? O STF decide o futuro da internet brasileira hoje. Qual sua opinião? Opine agora! 👇","#STF,#Internet,#Liberdade","2026-04-08 21:00"
"Brasil atinge recorde de exportação de carne em 2024","Brasil: O Celeiro do Mundo?!","Brasil bate recorde e inunda o mundo com carne brasileira. Isso vai baixar o preço no nosso prato ou só encher o bolso do agro? Opine agora! 👇","#Agronegocio,#Brasil,#Economia","2026-04-09 18:00"
"Prefeitura do RJ anuncia mega operação contra camelôs no Centro","Guerra ao Camelô no RJ?!","Prefeitura inicia operação choque de ordem no Centro: limpeza necessária ou ataque ao trabalhador informal? Opine agora! 👇","#RioDeJaneiro,#RJ,#OrdemPublica","2026-04-09 19:00"
"Dólar volta a subir e atinge maior marca do mês","Dólar sem freio?!","O dólar subiu de novo e a inflação bate à porta. Até onde vai essa escalada da moeda americana? O que você prevê? Opine agora! 👇","#Dolar,#Economia,#Brasil","2026-04-09 20:00"
"Famoso influenciador é detido em operação de lavagem de dinheiro","Influencer em Cana?!","Mais um 'rei das redes' cai em operação policial. Ostentação fake ou esquema real? O que você acha dessa onda de prisões? Opine agora! 👇","#Famosos,#Policia,#Debate","2026-04-09 21:00"
"PEC do Trabalho 6x1 ganha força nas redes sociais","Fim da escala 6x1?!","A pressão popular está aumentando: você é a favor do fim da escala 6x1 para dar mais vida ao trabalhador? Opine agora! 👇","#Trabalho,#Direitos,#VidaSocial","2026-04-10 18:00"
"Nova variante de vírus preocupa autoridades de saúde no Brasil","Novo Vírus no Brasil?!","Saúde entra em alerta com nova variante detectada. Medo real ou exagero da mídia? Você vai voltar a se prevenir? Opine agora! 👇","#Saude,#Brasil,#Alerta","2026-04-10 19:00"
